{
    "rf_max_depth": 8.0,
    "rf_min_samples_leaf": 7,
    "rf_min_samples_split": 6,
    "rf_n_estimators": 191.0,
    "xgb_colsample_bytree": 0.5358498593275173,
    "xgb_gamma": 1.5788851851685723,
    "xgb_learning_rate": 0.0035423014325879952,
    "xgb_max_depth": 4.0,
    "xgb_min_child_weight": 1,
    "xgb_n_estimators": 348.0,
    "xgb_reg_alpha": 8.621851651584219,
    "xgb_subsample": 0.5012888991184852
}