{
    "lgbm_max_depth": 4.0,
    "lgbm_num_leaves": 73.0,
    "lgbm_subsample": 0.6928036179168823,
    "mlp_alpha": 0.00021983673594661534,
    "mlp_hidden_layer_sizes": 0,
    "mlp_learning_rate_init": 0.0013005851182695933,
    "rf_max_depth": 3.0,
    "rf_min_samples_leaf": 4,
    "rf_min_samples_split": 6,
    "rf_n_estimators": 784.0,
    "xgb_colsample_bytree": 0.9541909350347635,
    "xgb_gamma": 2539.2283801811086,
    "xgb_learning_rate": 0.00845440449059713,
    "xgb_max_depth": 4.0,
    "xgb_min_child_weight": 2,
    "xgb_n_estimators": 992.0,
    "xgb_reg_alpha": 0.471384602064695,
    "xgb_subsample": 0.5062491868571699
}